close,high,low,open,timestamp,volume
29063.56,29081.91,29050.89,29070.18,1609485660,5.83351348
29077.51,29092.98,29063.56,29080.44,1609485720,4.38768722
29066.88,29101.47,29063.77,29079.69,1609485780,3.60763999
29101.48,29101.48,29083.02,29084.48,1609485840,0.22935110
29107.66,29107.66,29083.08,29083.08,1609485900,1.92662857
29094.26,29111.65,29094.26,29107.66,1609485960,5.07121088
29071.04,29093.91,29068.01,29078.31,1609486020,5.55697380
29101.43,29101.43,29071.04,29071.04,1609486080,7.14887241
29079.93,29108.7,29072.44,29108.7,1609486140,11.00413811
29092.12,29095.47,29075.41,29079.93,1609486200,2.05959031
29082.44,29096.69,29071.04,29076.91,1609486260,4.99328122
29105.9,29121.8,29083.36,29083.36,1609486320,8.05906746
29121.75,29154.35,29105.9,29105.91,1609486380,30.29246702
29121.85,29140.04,29117.48,29121.75,1609486440,3.74703442
29121.85,29155.28,29121.83,29121.85,1609486500,5.71320406
29144.51,29156.75,29121.85,29121.85,1609486560,3.83567335
29138.57,29156.74,29123.35,29144.51,1609486620,11.04623556
29139.94,29156.73,29123.78,29123.8,1609486680,1.93422206
29148.37,29171.55,29135.59,29151.42,1609486740,10.22128163
29152.65,29174.48,29148.37,29165.71,1609486800,5.05357718
29163.6,29179.17,29161.71,29170.09,1609486860,0.84958376
29178.79,29182.45,29153.95,29163.6,1609486920,6.02879475
29161.39,29182.47,29148.37,29178.78,1609486980,7.85553236
29160.23,29179.53,29140.51,29140.51,1609487040,2.99343415
29161.89,29178.08,29160.23,29160.23,1609487100,4.04638278
29145.48,29164.66,29140.5,29161.89,1609487160,9.41004601
29150.84,29174.88,29143.86,29146,1609487220,9.33229220
29140.5,29165.53,29140.5,29150.83,1609487280,8.62261271
29158.04,29160.99,29137.35,29140.5,1609487340,7.94782841
29178,29179.52,29139.61,29139.61,1609487400,4.32511157
29168.57,29185.6,29160.37,29179.53,1609487460,4.80407566
29182.64,29184.09,29165.3,29168.29,1609487520,4.00785105
29165.3,29176.2,29165.3,29165.57,1609487580,3.47224122
29165.3,29175.52,29165.3,29165.3,1609487640,4.55101267
29160.99,29179.37,29157.96,29165.3,1609487700,2.11238887
29177.93,29179.4,29160.99,29160.99,1609487760,1.79323027
29184.12,29185.59,29177.93,29177.93,1609487820,0.84971085
29173.17,29191.71,29166.26,29167.26,1609487880,2.18588976
29173.17,29182.27,29173.17,29173.17,1609487940,6.24032917
29206.76,29225.56,29173.17,29179.01,1609488000,14.64354881
29247.4,29247.4,29206.76,29206.76,1609488060,20.48181623
29190.71,29226.39,29190.71,29219.83,1609488120,4.74807350
29201,29223.62,29196.59,29223.6,1609488180,1.12171585
29174.45,29202.46,29161.82,29202.46,1609488240,7.29874278
29175.54,29199.86,29162.96,29174.68,1609488300,2.21048906
29138.26,29174.06,29121.4,29153.73,1609488360,5.69782102
29115.89,29135.33,29100,29135.33,1609488420,2.16375456
29107.5,29136.01,29090.08,29090.08,1609488480,2.06007695
29118.91,29118.91,29104.61,29117.68,1609488540,0.50605942
29103.76,29129.6,29103.76,29126.49,1609488600,1.93105858
29111.45,29125.91,29089.71,29121.55,1609488660,2.30017612
29075.54,29109.46,29053.51,29089.71,1609488720,5.11380786
29090.52,29090.52,29075.32,29075.54,1609488780,1.57483814
29064.67,29092.53,29052.03,29068.05,1609488840,3.50298285
29053.09,29094.15,29052.03,29094.15,1609488900,4.22493778
29026.8,29059.04,29018.68,29053.09,1609488960,7.37539009
29054.55,29069.6,29052.36,29052.36,1609489020,1.33145380
29017.21,29075.48,29017.21,29054.55,1609489080,4.42151669
28998.42,29021.19,28982.44,29017.21,1609489140,12.50946248
28982.44,29049.56,28982.44,29001.33,1609489200,7.25305141
28991.14,29006.2,28947.7,28982.44,1609489260,8.32956850
29031.72,29031.72,28950.63,28974.37,1609489320,1.57940844
29045.26,29045.26,29007.12,29016.06,1609489380,1.34091569
29077.71,29077.96,29036.25,29036.25,1609489440,1.92541952
29040.97,29084.78,29040.97,29080.11,1609489500,3.00645604
29064.83,29079.83,29042.75,29078.43,1609489560,3.33906774
29109.89,29109.89,29067.92,29067.92,1609489620,7.48101798
29105.18,29121.8,29080.56,29080.58,1609489680,3.02862336
29105.18,29120.35,29096.79,29105.18,1609489740,4.61427849
29121.46,29136.18,29099.36,29105.18,1609489800,4.86700417
29156.75,29156.75,29121.53,29135.21,1609489860,7.47277123
29155.72,29174.15,29138.3,29154.18,1609489920,4.47356478
29179.97,29179.97,29156.75,29156.75,1609489980,2.14376856
29183.54,29191.74,29155.9,29189.34,1609490040,4.23217713
29144.04,29183.54,29135.6,29183.54,1609490100,3.44878793
29122.08,29144.04,29119.39,29144.04,1609490160,7.57605890
29117.93,29144.56,29117.93,29144.56,1609490220,6.34325806
29119.88,29135.13,29117.93,29117.93,1609490280,5.68603908
29148.89,29148.89,29123.22,29135.13,1609490340,2.37569384
29160.11,29162.24,29139.16,29148.89,1609490400,4.87182426
29123.34,29160.78,29120.02,29160.78,1609490460,3.14626155
29109.89,29139.12,29109.61,29123.34,1609490520,6.11390637
29051.96,29114.38,29049.61,29114.38,1609490580,8.43104845
29038.83,29087.08,29038.83,29059.92,1609490640,1.69470892
29019.01,29064.61,29002.97,29045.33,1609490700,5.41678233
29056.07,29065.46,29017.57,29019.01,1609490760,1.83607169
29072.07,29078.19,29044.36,29078.19,1609490820,2.83569753
29108.21,29111.1,29053.35,29053.35,1609490880,0.61678209
29084.27,29108.21,29084.27,29108.21,1609490940,2.11526905
29107.83,29107.83,29071.87,29101.94,1609491000,0.68631414
29108.46,29134.27,29105.52,29109.99,1609491060,6.79291936
29102.66,29132.28,29101.94,29101.94,1609491120,1.80819868
29124.29,29124.29,29105.44,29119.77,1609491180,0.62383013
29106.5,29122.89,29105.45,29105.6,1609491240,2.75524068
29142.68,29142.68,29106.5,29106.5,1609491300,19.16849155
29140.37,29149.27,29124.15,29124.15,1609491360,7.30070005
29125,29143.59,29125,29125.46,1609491420,3.13532880
29139.94,29143.65,29100.02,29129.15,1609491480,7.63569136
29077.2,29139.12,29077.2,29112.6,1609491540,22.57790651
29098.46,29116.18,29039.59,29060.43,1609491600,1.95111074
29105.52,29116.92,29098.36,29099.91,1609491660,3.54292838
29149.99,29149.99,29104.04,29105.52,1609491720,1.86506012
29145.92,29154.34,29132.35,29136.22,1609491780,4.07785202
29168.6,29168.6,29129.14,29136.81,1609491840,2.17573413
29150,29178.21,29150,29178.21,1609491900,9.93515333
29169.79,29171.83,29150,29150.01,1609491960,6.58404648
29170.03,29185.67,29168.57,29183.92,1609492020,3.16054168
29158.75,29179.65,29155.84,29170.03,1609492080,0.64860766
29150.13,29167.57,29150,29167.57,1609492140,4.29825331
29150,29169.77,29150,29163.06,1609492200,2.47252255
29149.46,29164.5,29133.64,29150,1609492260,8.77263306
29185.67,29185.67,29128.66,29149.92,1609492320,2.27857294
29219.03,29219.03,29189.34,29189.34,1609492380,8.71956527
29191.75,29226.77,29191.75,29222.72,1609492440,8.03857973
29195.44,29223.22,29195.44,29223.22,1609492500,2.98429556
29204.02,29204.02,29182.74,29196.11,1609492560,1.53595916
29198.8,29216.47,29196.76,29196.76,1609492620,3.56774935
29200,29200,29172.08,29198.8,1609492680,4.83110051
29203.16,29217.23,29192.13,29213.09,1609492740,3.17219888
29232.72,29241.74,29195.58,29195.58,1609492800,7.27136952
29242.63,29245.58,29232.72,29232.72,1609492860,0.80854347
29248.15,29248.16,29222.93,29222.93,1609492920,2.08286691
29232.92,29247.25,29221.48,29236.09,1609492980,4.05762171
29235.32,29246.69,29232.92,29232.92,1609493040,1.94195619
29257.09,29270.54,29231.94,29235.32,1609493100,8.54809009
29271.37,29296.95,29261.48,29279.7,1609493160,16.03350250
29297.77,29310.09,29276.26,29296.55,1609493220,2.81811923
29277.46,29313.09,29270.69,29297.93,1609493280,1.82970999
29261.03,29291.76,29261.03,29276,1609493340,8.55150292
29283.82,29283.82,29252.5,29259.05,1609493400,1.99014451
29312.03,29312.03,29265.05,29268.48,1609493460,1.00625689
29313.97,29328.71,29284.62,29311.62,1609493520,1.64160721
29320.47,29332.01,29300,29313.97,1609493580,5.76865663
29344.16,29344.16,29303.67,29329.84,1609493640,7.53919410
29340.56,29357.11,29340,29344.92,1609493700,2.62184758
29350,29357.15,29340.56,29340.56,1609493760,20.28676215
29387.46,29390.85,29350,29350,1609493820,20.75941130
29378.78,29383.7,29344.07,29380.75,1609493880,14.95226306
29340.03,29361.95,29340,29361.27,1609493940,3.48490023
29340,29369.28,29340,29358.77,1609494000,0.85107482
29340,29361.09,29340,29340.01,1609494060,2.52228875
29324.13,29356.58,29308.48,29340,1609494120,10.35075166
29315.51,29342.84,29308.79,29325.53,1609494180,7.40903554
29307.16,29315.51,29300,29311.23,1609494240,15.22953501
29329.55,29329.55,29303.58,29303.58,1609494300,2.48485598
29319.5,29329.55,29319.23,29319.23,1609494360,0.14520959
29329.55,29329.55,29319.5,29319.5,1609494420,0.25450997
29339.13,29350.26,29321.67,29329.55,1609494480,2.92423915
29329.69,29350.26,29329.69,29350.26,1609494540,12.47549978
29320.04,29324.56,29308.38,29320.53,1609494600,1.68367381
29317.44,29326.54,29317.44,29324.56,1609494660,0.72997189
29306.95,29319.22,29306.95,29317.44,1609494720,3.70998617
29296.25,29307.83,29269.24,29307.83,1609494780,9.14604851
29277.78,29291.84,29272.45,29276.58,1609494840,2.28221291
29299.99,29299.99,29287.82,29287.82,1609494900,1.93910416
29270.45,29299.63,29267.42,29287.86,1609494960,8.28246253
29282.96,29296.95,29273.06,29289.6,1609495020,0.66489092
29295.09,29313.9,29277.02,29304.56,1609495080,3.50182319
29282.62,29303.05,29279.64,29295.83,1609495140,1.63643049
29277.06,29303.17,29277.03,29282.62,1609495200,8.50794046
29258.63,29295.65,29255.52,29277.07,1609495260,5.21117757
29299.34,29316.23,29275.73,29276.18,1609495320,0.84219713
29309.78,29324.98,29309.78,29317.97,1609495380,0.81744360
29306.96,29331.22,29294.47,29326.54,1609495440,2.06700382
29260.67,29317.52,29259.45,29307.07,1609495500,4.34283973
29246.07,29274.18,29234.25,29257.2,1609495560,2.06800332
29266.23,29273.97,29247.53,29247.53,1609495620,2.58932697
29266.23,29269.59,29255.44,29266.23,1609495680,5.65545659
29305.57,29317.27,29268.51,29268.51,1609495740,6.08704005
29402.55,29402.55,29301.38,29307.75,1609495800,13.01611906
29375.54,29394.58,29348.25,29394.58,1609495860,5.12736517
29357.3,29378.34,29318.62,29362.92,1609495920,28.17213545
29343.15,29366.37,29343.15,29366.37,1609495980,8.44592290
29337.07,29355.79,29325.46,29338.62,1609496040,3.43151888
29371.1,29371.1,29342.09,29347.17,1609496100,0.65978497
29354.44,29392.37,29353.81,29366.9,1609496160,5.12634565
29372.81,29405.51,29359.62,29359.62,1609496220,11.26048727
29354.28,29388.42,29353.65,29388.42,1609496280,3.29395389
29360.78,29371.39,29344.62,29354.28,1609496340,3.64581572
29344.72,29360.3,29336.31,29350.61,1609496400,3.54256908
29333.59,29344.83,29310.82,29344.83,1609496460,7.63831308
29307.08,29329.07,29307.08,29311.28,1609496520,5.49927970
29309.98,29327.26,29309.98,29318.07,1609496580,5.81398272
29304.16,29314.74,29302.35,29309.98,1609496640,2.76711318
29318.02,29318.02,29304.16,29304.16,1609496700,10.95954375
29310.93,29310.93,29308.69,29308.69,1609496760,1.68230858
29310.73,29320.03,29308.69,29308.69,1609496820,0.81887473
29351.23,29371.08,29310.78,29310.78,1609496880,15.89366117
29300,29359.56,29300,29359.56,1609496940,7.66800924
29311.82,29311.82,29291.05,29306.8,1609497000,3.39840781
29310.73,29317.63,29305.58,29306.01,1609497060,4.27922672
29313.36,29313.36,29301.52,29312.86,1609497120,1.69877220
29302.79,29307.54,29286.69,29307.15,1609497180,7.24835396
29305.36,29305.75,29291.21,29291.21,1609497240,0.54930332
29319.79,29319.79,29292.12,29292.12,1609497300,1.99671000
29323.79,29323.79,29305.47,29319.79,1609497360,7.26416401
29341.6,29341.6,29312.95,29312.95,1609497420,6.88498337
29328.86,29343.28,29328.86,29329.44,1609497480,7.81342723
29358.07,29363.85,29326.72,29328.86,1609497540,3.13296221
29382.54,29382.54,29354.18,29358.07,1609497600,4.00210815
29376.15,29394.44,29376.14,29382.54,1609497660,12.33467650
29354.67,29374.53,29337.1,29369.74,1609497720,6.34769550
29339.3,29360.82,29339.3,29360.82,1609497780,0.10608619
29339.34,29348.08,29339.3,29339.3,1609497840,1.45121019
29353.13,29378.79,29347.71,29347.71,1609497900,9.29156895
29356.89,29360.48,29340.08,29343.31,1609497960,6.47810598
29325.19,29349.45,29317.13,29349.45,1609498020,6.16298890
29314.25,29319.49,29305.12,29307.41,1609498080,2.35803169
29351.48,29351.48,29303.12,29303.12,1609498140,3.14137203
29390.66,29390.66,29351.48,29351.48,1609498200,9.07863145
29366.45,29382.48,29360.54,29374.28,1609498260,9.32275136
29362,29362,29335.73,29351.63,1609498320,5.02433967
29355.69,29374.56,29344.05,29351.85,1609498380,0.62933901
29340.72,29374.56,29336.11,29355.69,1609498440,2.54714918
29360.81,29361.81,29338.52,29340.72,1609498500,1.83669507
29343.36,29361.14,29337.26,29338.52,1609498560,1.23795085
29342.88,29361.26,29320.55,29343.36,1609498620,7.33454702
29341.56,29354.64,29322.02,29322.02,1609498680,1.07202550
29318.16,29337.23,29288.82,29337.23,1609498740,9.07600740
29345.75,29346.17,29297.92,29322.94,1609498800,0.36314884
29381.25,29381.25,29321.24,29343.22,1609498860,0.42669546
29378.32,29398.66,29349.19,29381.18,1609498920,10.14362861
29346.52,29387.01,29346.52,29378.66,1609498980,7.19880583
29335.29,29342.43,29333.6,29341.72,1609499040,1.17844566
29347.3,29359.99,29335.29,29335.29,1609499100,1.68353626
29370.45,29370.45,29343.18,29347.3,1609499160,1.36728449
29373.15,29386.68,29342.22,29370.46,1609499220,7.01705686
29415.4,29429.9,29372.79,29372.79,1609499280,6.66249748
29392.6,29415.4,29375.46,29415.39,1609499340,7.75943128
29375.54,29403.41,29375.54,29403.41,1609499400,3.29798938
29384.49,29391.8,29377.88,29377.88,1609499460,4.68575937
29376.79,29401.19,29376.79,29377.97,1609499520,0.53175801
29404.4,29404.5,29375.15,29375.15,1609499580,1.43966478
29379.38,29404.5,29377.87,29404.5,1609499640,2.90373445
29386.9,29398.99,29381.3,29398.99,1609499700,0.78681242
29350,29386.79,29350,29375.43,1609499760,10.00327025
29382.8,29382.8,29350.59,29366.3,1609499820,1.14374137
29370.36,29389.86,29370.36,29388,1609499880,6.69128708
29391.81,29409.4,29371.94,29371.94,1609499940,4.72644283
29415.88,29415.88,29392.45,29392.45,1609500000,0.94303025
29423.1,29436.36,29404.29,29415.88,1609500060,1.59288196
29428.61,29463.94,29418.15,29436.36,1609500120,15.37146327
29423.33,29441.1,29417.4,29432.68,1609500180,0.59879778
29436.78,29464,29419.04,29433.7,1609500240,6.78821111
29428.12,29459.49,29415.94,29415.94,1609500300,4.01022059
29442.64,29442.64,29424.53,29430.92,1609500360,4.31465019
29447.81,29465.3,29434.18,29441.38,1609500420,2.06435857
29413.95,29456.01,29413.95,29447.81,1609500480,8.42121587
29462.08,29462.08,29400,29404.88,1609500540,3.11494099
29490,29490,29454.17,29465.41,1609500600,12.90716762
29453.32,29490,29453.32,29490,1609500660,6.08724525
29420.9,29452.82,29400,29452.82,1609500720,3.17548428
29403.05,29427.51,29401.55,29404.01,1609500780,0.60764166
29406.79,29410.23,29381.52,29403.84,1609500840,3.55428043
29340.99,29385.21,29340.61,29379.34,1609500900,11.93150388
29379.96,29379.96,29334.47,29334.47,1609500960,8.45545312
29362.59,29364.39,29343.42,29360.58,1609501020,0.61101644
29377.3,29381.95,29355.62,29372.22,1609501080,1.86216674
29375.38,29383.71,29365.16,29365.16,1609501140,1.86376758
29384.47,29384.47,29362.63,29362.63,1609501200,1.49321682
29387.01,29398.29,29371.39,29384.27,1609501260,3.54682775
29387.38,29398.79,29387.01,29387.01,1609501320,1.94124253
29385,29402.85,29384.97,29389.38,1609501380,9.03582257
29350.6,29373.68,29340.09,29373.68,1609501440,6.08980311
29340.45,29365.74,29309.81,29357.98,1609501500,5.88159914
29342.11,29355.59,29329.79,29340.45,1609501560,1.91309766
29363.94,29363.94,29334.62,29343.05,1609501620,6.15636208
29351.58,29365.54,29341.82,29352.34,1609501680,3.99794633
29356.98,29362.82,29344.86,29354.56,1609501740,1.76122953
29376.42,29376.42,29357.43,29357.97,1609501800,3.82342937
29371.56,29380.3,29358.51,29380.27,1609501860,8.00259039
29353.89,29369.82,29343.3,29359.34,1609501920,9.16133051
29355.45,29357.32,29334.28,29345.04,1609501980,7.10159928
29341.55,29362.24,29333.87,29362.24,1609502040,4.49831531
29368.07,29381.34,29344.65,29344.65,1609502100,1.55735129
29376.01,29381.34,29368.98,29377.21,1609502160,1.90835515
29377.31,29377.31,29360.92,29368.98,1609502220,4.90917642
29395.11,29395.11,29361.64,29372.7,1609502280,1.75404080
29390.34,29394.31,29382.62,29382.62,1609502340,1.43964011
29391.01,29395.11,29377.27,29390.34,1609502400,3.14940852
29390.85,29390.85,29378.81,29382.86,1609502460,4.06082344
29365.75,29400.54,29365.75,29393.9,1609502520,2.95472989
29319.19,29374.88,29319.19,29374.88,1609502580,8.27498522
29327.83,29336.55,29321.04,29321.04,1609502640,0.69126156
29295.14,29322.94,29270,29322.94,1609502700,15.51662432
29299.75,29320.4,29288.52,29305.76,1609502760,4.82400859
29312.33,29312.33,29280.49,29280.49,1609502820,1.70274914
29297.9,29320.08,29297.09,29304.58,1609502880,8.34328260
29304.2,29307.92,29287.54,29307.92,1609502940,0.16359501
29344.12,29348.62,29304.2,29304.2,1609503000,3.19864822
29348.73,29357.89,29347.37,29347.37,1609503060,2.00861704
29351.15,29359.47,29333.89,29348.73,1609503120,1.43680303
29361.18,29381.39,29340.44,29355.33,1609503180,11.23395388
29349.13,29355.09,29340.59,29348.71,1609503240,4.24144890
29330.12,29348.02,29327.59,29340.77,1609503300,7.97849815
29346.78,29348.03,29321.63,29330.12,1609503360,4.84677171
29365.89,29374.84,29346.78,29346.78,1609503420,3.23925458
29383.69,29392.29,29370.29,29374.84,1609503480,6.83282594
29414.74,29416.29,29383.69,29383.69,1609503540,5.03499721
29458.05,29463.99,29407.52,29420,1609503600,11.62611619
29433.52,29479,29433.52,29464,1609503660,15.41518416
29485.21,29485.21,29418.84,29433.52,1609503720,2.03973032
29454.13,29494,29440.51,29472.71,1609503780,11.66842206
29500,29500,29461.57,29462.8,1609503840,3.32359177
29516.03,29539.31,29484.85,29492.53,1609503900,18.90729673
29496.78,29524.58,29468.27,29516.03,1609503960,3.92446901
29493.1,29516.48,29464.41,29494.97,1609504020,7.89669720
29498.05,29511.17,29473.27,29503.98,1609504080,3.98224938
29516.81,29524.43,29493.67,29498.05,1609504140,9.71533106
29540.55,29573.74,29520.18,29521.52,1609504200,33.76184009
29645.78,29645.78,29559.54,29559.54,1609504260,52.02593132
29622.73,29647.96,29582.62,29633,1609504320,12.11703431
29613.83,29626.91,29583.37,29620.47,1609504380,7.82610213
29605.76,29622.57,29572.43,29622.57,1609504440,6.31953669
29634.56,29643.7,29586.29,29596.88,1609504500,6.24066614
29675,29675,29616.87,29616.87,1609504560,19.70249030
29670.29,29700,29659.38,29661.75,1609504620,23.96372400
29626.04,29677,29626.04,29659.38,1609504680,13.40652784
29629.66,29648.02,29622.01,29626.04,1609504740,8.39765430
29637.93,29651.18,29626.22,29640.38,1609504800,8.67910509
29559.34,29657.32,29559.34,29645.77,1609504860,13.26201220
29527.5,29586.78,29508.52,29577.57,1609504920,4.98401189
29588.91,29599.73,29517.68,29532.18,1609504980,3.18372475
29590.4,29590.4,29537.86,29588.91,1609505040,4.87711626
29508.52,29568.67,29508.52,29568.67,1609505100,9.59741806
29559.95,29559.95,29500.01,29531.7,1609505160,4.03081934
29557.93,29564.15,29524.06,29552.08,1609505220,5.11935899
29577.86,29593.87,29552.78,29573.74,1609505280,2.47563135
29538.57,29576.12,29525.25,29558.55,1609505340,3.20552461
29451.48,29528.06,29451.48,29515.76,1609505400,9.52204234
29367.31,29483.47,29367.31,29483.47,1609505460,21.35338799
29381.42,29396.89,29261.84,29367.31,1609505520,26.33256112
29343.96,29388.17,29303.82,29387.59,1609505580,5.82006576
29244.41,29378.08,29233.4,29370.24,1609505640,9.10671581
29313.8,29366.03,29287.19,29287.19,1609505700,2.43527112
29310,29354.38,29298.41,29335.26,1609505760,6.80507004
29313.18,29317.38,29279.73,29310,1609505820,10.19723891
29329.62,29350,29294.44,29313.18,1609505880,6.20138012
29313.77,29339.24,29303.22,29329.4,1609505940,3.66444334
29352.05,29352.05,29286.27,29303.33,1609506000,2.58200434
29363.48,29378.92,29350.3,29350.3,1609506060,6.46522603
29414.46,29414.46,29363.29,29379.29,1609506120,6.18276981
29375.96,29401.71,29361.46,29400,1609506180,10.72920668
29371.2,29389.85,29361.39,29382.67,1609506240,1.92339766
29404.02,29419.93,29376.39,29376.39,1609506300,1.90053133
29394.26,29424.71,29394.26,29404.02,1609506360,5.51584484
29395.48,29421.93,29376.04,29421.93,1609506420,2.78973324
29405.1,29437.82,29395.54,29395.54,1609506480,7.81876395
29410.47,29427.21,29406.58,29406.58,1609506540,6.14217189
29431.58,29439.7,29402.58,29425.74,1609506600,13.91825958
29426.45,29447.53,29426.45,29439.25,1609506660,1.51102950
29406.68,29445.74,29390.7,29430.28,1609506720,6.59406246
29451.09,29451.09,29394.65,29406.68,1609506780,1.08322378
29473.16,29473.16,29437.18,29451.09,1609506840,2.11321882
29453.46,29473.16,29438.14,29473.16,1609506900,8.10414718
29472.41,29486.26,29434.95,29434.95,1609506960,5.24963788
29464.27,29503.84,29464.26,29490.65,1609507020,9.59601232
29438.04,29481.55,29434.26,29460.5,1609507080,4.04035437
29438.46,29465.72,29420.95,29442.77,1609507140,4.42472511
29397,29444.23,29390.03,29438.46,1609507200,3.55760925
29394.08,29439.71,29394.08,29414.46,1609507260,4.31848739
29411.32,29419.74,29388.24,29394.1,1609507320,1.00435942
29443.05,29462.09,29411.32,29411.32,1609507380,1.88602596
29412.73,29461.87,29396.98,29461.87,1609507440,5.74627104
29459.84,29459.84,29435.07,29437.83,1609507500,0.09881946
29430.32,29448.78,29411.85,29442.26,1609507560,6.54758351
29424.49,29430.54,29404.96,29414.47,1609507620,2.84549999
29459.84,29459.84,29424.5,29424.5,1609507680,3.61972986
29484.78,29484.78,29459.67,29459.67,1609507740,2.26680700
29462.7,29494.07,29461.13,29480,1609507800,1.93254861
29476.85,29488.32,29470.63,29488.31,1609507860,7.11601548
29489.7,29500,29473.42,29473.42,1609507920,4.06009465
29461.49,29486.7,29460.65,29486.7,1609507980,7.81740564
29475.41,29475.41,29453.25,29461.23,1609508040,5.38710192
29456.43,29479.63,29456.43,29475.44,1609508100,7.90151309
29481.77,29485.04,29437.6,29442.38,1609508160,6.21249551
29472.25,29486.28,29463.22,29471.07,1609508220,12.64881992
29490.51,29490.51,29467.58,29467.58,1609508280,3.11599889
29488.84,29488.84,29488.84,29488.84,1609508340,0.27829737
29500.19,29502.65,29487.12,29488.84,1609508400,3.18436554
29492.51,29501.7,29486.82,29497.08,1609508460,6.21491227
29461.22,29492.51,29459.31,29478.23,1609508520,6.22034533
29456.3,29476.4,29454.68,29471.82,1609508580,4.44241251
29476.54,29482.03,29454.68,29454.68,1609508640,3.71212189
29501.36,29509,29476.53,29476.53,1609508700,8.51685877
29522.8,29536.96,29507.77,29507.77,1609508760,6.40098802
29543.93,29543.93,29509.01,29525.9,1609508820,9.69198581
29543.93,29543.93,29529.08,29538.85,1609508880,5.67571698
29524.47,29541.43,29519.19,29541.43,1609508940,5.57139385
29542.7,29542.7,29515.86,29524.47,1609509000,3.74782065
29540.45,29543.93,29527.55,29527.55,1609509060,5.19892009
29532.64,29532.64,29511.93,29530.41,1609509120,4.38653089
29532.65,29532.65,29516.39,29516.39,1609509180,2.72628906
29527.25,29530.77,29518.16,29530.77,1609509240,1.62344140
29535.2,29535.2,29505.79,29515.35,1609509300,8.44807029
29536.96,29543.93,29527.01,29535.2,1609509360,7.18908944
29551.65,29555.16,29527.02,29527.02,1609509420,6.48551262
29539.27,29551.65,29524.45,29551.65,1609509480,9.80365431
29538.92,29549.6,29533.33,29533.62,1609509540,5.36814782
29540.49,29562.02,29539.04,29550,1609509600,7.90706468
29463.27,29540.49,29420,29534.5,1609509660,8.11048187
29480.06,29490.2,29444.17,29447.56,1609509720,7.91051786
29501.48,29530.64,29468.64,29480.06,1609509780,4.85293436
29533.14,29551.08,29501.85,29516.75,1609509840,2.30312896
29559.32,29560.14,29507.62,29507.62,1609509900,9.66206370
29565.77,29570,29543.79,29543.79,1609509960,1.17747886
29610.58,29614.88,29570,29570,1609510020,12.82404387
29590.6,29614.88,29563.69,29614.77,1609510080,10.19505507
29537.51,29584.76,29537.51,29569.9,1609510140,5.45369204
29524.23,29544.17,29519.15,29534.85,1609510200,6.84216985
29523.28,29542.7,29500,29500,1609510260,5.87438551
29534.93,29534.93,29518.82,29533.7,1609510320,1.14224586
29577.23,29577.23,29521.86,29534.93,1609510380,4.15633053
29548.08,29562.66,29526.82,29562.65,1609510440,11.49719556
29518.86,29534.55,29509.39,29534.55,1609510500,8.68604037
29491.88,29525.89,29489.38,29520.92,1609510560,6.25149086
29499.82,29512.95,29482.01,29491.88,1609510620,5.13743505
29510.78,29520.35,29493.1,29499.82,1609510680,3.37747402
29532.88,29532.88,29496.51,29507.37,1609510740,3.86651310
29518.76,29527.43,29509.08,29527.43,1609510800,5.38412500
29527.39,29542.75,29518.76,29518.76,1609510860,3.45997423
29529.17,29541.6,29527.39,29541.6,1609510920,0.43792872
29544.91,29556.15,29520.24,29529.26,1609510980,11.22031233
29512.65,29544.91,29495.37,29544.91,1609511040,25.52299157
29516.22,29516.22,29499.22,29512.65,1609511100,0.98397482
29530.93,29530.93,29501.77,29516.22,1609511160,6.23601611
29519.44,29528.7,29516.34,29516.34,1609511220,1.76055979
29528.1,29533.55,29522.48,29531.93,1609511280,0.89303215
29522.08,29531.27,29520.21,29528.1,1609511340,10.44966996
29522.99,29523.13,29510.5,29510.5,1609511400,3.90813052
29516.28,29536.12,29513.54,29521.52,1609511460,6.92971434
29495.2,29521.05,29484.29,29520.4,1609511520,4.77390919
29441,29491.34,29441,29484.3,1609511580,4.00691289
29425.7,29443.5,29402.55,29437.84,1609511640,18.41959421
29449.1,29464.84,29425.7,29425.7,1609511700,4.09900617
29474.98,29476,29438.98,29449.1,1609511760,5.60475718
29472.97,29494.76,29462.5,29462.5,1609511820,4.58913487
29484.58,29484.58,29450.24,29472.97,1609511880,7.04260501
29473.86,29484.86,29468.43,29468.43,1609511940,9.91519170
29490.77,29490.77,29461.15,29473.86,1609512000,4.75209564
29492.96,29503.48,29478.22,29489.18,1609512060,5.46807798
29483.08,29498.21,29483.08,29492.95,1609512120,9.25749317
29486.52,29492.18,29460.2,29484.51,1609512180,3.30813769
29472.86,29491.09,29470.53,29491.09,1609512240,13.21507403
29434.74,29487.7,29434.74,29487.7,1609512300,9.27359350
29431.64,29452.19,29402.55,29402.55,1609512360,8.83811691
29452.29,29464.56,29424.36,29431.64,1609512420,8.89099355
29423.83,29464.47,29423.83,29458.82,1609512480,3.75440679
29445.14,29445.14,29412.99,29435.66,1609512540,5.34645252
29420.16,29445.57,29419.95,29436.03,1609512600,5.95162807
29416.57,29442.25,29416.56,29422.01,1609512660,3.72615445
29392.17,29432.8,29372.6,29432.8,1609512720,12.50387260
29356.39,29408.04,29339.22,29393.65,1609512780,14.57613797
29376.91,29391.88,29363.52,29363.52,1609512840,7.09540361
29401.59,29407.51,29384.45,29390.08,1609512900,6.00612427
29388.7,29400.24,29371.86,29391.16,1609512960,10.52834149
29380,29400.24,29378.41,29385.17,1609513020,49.84214752
29373.81,29404.07,29368.18,29380,1609513080,38.02059548
29397.69,29398.73,29380.82,29387.31,1609513140,27.41607695
29381.84,29398.54,29371.65,29388.85,1609513200,5.46802681
29359.95,29394.48,29359.95,29394.02,1609513260,16.76950239
29324.63,29371.05,29324.63,29359.76,1609513320,10.11656544
29365.37,29369.33,29320.01,29331.47,1609513380,4.14263612
29327.09,29367.86,29261.84,29367.86,1609513440,52.34166969
29371.85,29389.55,29329.07,29347.17,1609513500,5.15740604
29390.2,29402.27,29386.44,29393.57,1609513560,5.23039474
29394.71,29409.24,29390.2,29390.2,1609513620,6.65210508
29403.49,29409.65,29390.3,29390.3,1609513680,3.16256629
29394.74,29408.82,29394.73,29394.73,1609513740,1.21771661
29400.54,29408.82,29387.29,29408.82,1609513800,1.87936938
29456.2,29456.2,29395.46,29395.46,1609513860,9.13952279
29437.89,29460.17,29421.22,29456.2,1609513920,10.74679981
29430.75,29444.62,29414.42,29437.89,1609513980,7.11216603
29424.72,29439.68,29412.36,29431.16,1609514040,2.31476837
29410.99,29430.79,29410.99,29414.03,1609514100,4.67353953
29432.72,29433.59,29410.99,29410.99,1609514160,1.61871062
29420.41,29432.73,29413.57,29414.8,1609514220,3.97509078
29428.26,29430,29416.03,29420.41,1609514280,2.35529004
29439.06,29443.37,29417.36,29428.26,1609514340,3.06978214
29389.69,29438.31,29311.69,29438.31,1609514400,51.26959930
29388,29401.02,29339.29,29373.39,1609514460,2.69366564
29390.26,29403.88,29379.12,29388.82,1609514520,1.24568912
29363.49,29384.74,29352.13,29369.05,1609514580,1.95220533
29370.92,29380.28,29353.59,29363.49,1609514640,2.62601630
29387.96,29387.96,29357.68,29370.92,1609514700,2.01123792
29343.2,29375.18,29279.9,29375.18,1609514760,10.02157426
29359.13,29371.56,29311.89,29317.71,1609514820,3.59378634
29369.63,29391.3,29351.98,29359.13,1609514880,4.22461032
29356.62,29373.22,29226.77,29356.18,1609514940,48.48776539
29320.65,29349.29,29320.65,29343.61,1609515000,3.38044917
29309.23,29340.74,29309.22,29314.39,1609515060,4.30984744
29305.37,29305.37,29272.9,29273.42,1609515120,3.38933969
29329.24,29334.38,29289.53,29289.53,1609515180,2.45449266
29310.51,29323.21,29292.81,29322.1,1609515240,0.59746248
29292.4,29310.51,29283.25,29310.51,1609515300,1.83168730
29228.34,29293.8,29226.77,29292.33,1609515360,5.23787197
29151.72,29256.13,29121.8,29246.1,1609515420,27.27354517
29169.71,29199.33,29121.81,29157.71,1609515480,2.33792770
29128.95,29194.87,29128.95,29169.82,1609515540,4.01738223
29167.33,29183.38,29100,29121.8,1609515600,9.90741374
29204.2,29217.27,29172.9,29174.22,1609515660,4.33505972
29237.72,29237.72,29180,29204.2,1609515720,4.74430198
29222.86,29222.86,29192.28,29215.25,1609515780,0.66402220
29195.68,29226.03,29195.68,29222.86,1609515840,0.91793605
29215,29218.91,29193.35,29203.69,1609515900,2.16509304
29268.65,29277.01,29226.87,29233.07,1609515960,2.16558178
29260.48,29281.85,29255.26,29255.26,1609516020,1.52782836
29290.98,29293.12,29273.26,29288.01,1609516080,0.88058661
29284.77,29284.77,29265.04,29273.26,1609516140,0.66732167
29283.25,29284.87,29248.83,29284.77,1609516200,2.33898043
29299.04,29299.04,29271.9,29284.76,1609516260,6.88753661
29297.68,29304.92,29282.91,29299.04,1609516320,2.20802960
29289.28,29300,29278.64,29297.68,1609516380,2.68560704
29281.32,29293.16,29248.85,29275.12,1609516440,26.93600900
29250.59,29273.56,29240.26,29263.8,1609516500,1.34290712
29235.02,29244.93,29216.03,29240,1609516560,7.12500356
29248.36,29251.26,29218.14,29218.14,1609516620,0.60987560
29286.16,29286.16,29248.36,29248.36,1609516680,6.41030395
29261.96,29268.18,29237.99,29268.18,1609516740,2.15169805
29304.23,29305.7,29248.16,29261.96,1609516800,1.77409910
29312.26,29328.48,29288.69,29308,1609516860,1.91289211
29258.14,29302.76,29238.81,29302.66,1609516920,3.26075833
29210.5,29258.14,29186.69,29258.14,1609516980,1.97767456
29218.42,29247.56,29199.65,29227.8,1609517040,3.25963926
29222.43,29238.99,29175.01,29215.52,1609517100,29.16481160
29269.5,29269.5,29240.76,29245.3,1609517160,1.82832370
29282.74,29282.74,29253.47,29269.5,1609517220,1.76276341
29276.55,29285.2,29253.21,29283.16,1609517280,1.07734004
29300,29305.89,29266.9,29266.9,1609517340,0.72581258
29301.19,29318.13,29291.01,29300,1609517400,4.50601677
29300.84,29320.76,29286.71,29286.71,1609517460,1.17210023
29288.81,29306.99,29280,29300.84,1609517520,3.06888164
29301.18,29308.74,29288.81,29289.17,1609517580,0.43343222
29290.99,29317.44,29289.22,29301.18,1609517640,4.32766038
29295.07,29311.46,29289.23,29289.23,1609517700,6.15296644
29306.9,29329.74,29295.07,29295.07,1609517760,3.14776319
29311.61,29311.61,29296.58,29296.58,1609517820,1.45702254
29299.16,29322.99,29299.16,29306.4,1609517880,2.97811142
29346.15,29365.08,29308.86,29311.59,1609517940,9.36311707
29332.58,29340.06,29320,29340.06,1609518000,1.46149288
29347.66,29350.16,29330.25,29330.25,1609518060,0.57201390
29367.31,29367.31,29332.4,29347.66,1609518120,3.67886544
29355.97,29367.31,29337.02,29367.31,1609518180,4.13796038
29359.24,29367.31,29348.67,29355.97,1609518240,3.91901134
29384.07,29394.78,29353.44,29364.37,1609518300,7.38173744
29388.45,29402.54,29377.64,29386.92,1609518360,9.20096992
29354.66,29372.26,29354.66,29369.07,1609518420,2.04943905
29342,29352.52,29333.47,29347.65,1609518480,5.79849259
29359.74,29374.21,29355.26,29355.26,1609518540,3.96062579
29345.05,29359.74,29330.04,29359.74,1609518600,3.68566614
29343.23,29358.41,29320,29339.05,1609518660,6.36828737
29358.5,29358.5,29344.6,29358.49,1609518720,0.39985879
29367,29367,29344.62,29355.27,1609518780,1.09129952
29371.95,29371.95,29360.93,29366.9,1609518840,1.44885893
29373.79,29393.28,29366.85,29376.14,1609518900,5.56435439
29365.24,29372.85,29356.89,29366.5,1609518960,4.60015649
29360.2,29380.77,29351.86,29365.24,1609519020,4.77933070
29358.71,29360.93,29338.45,29360.2,1609519080,8.20492066
29369.9,29379.88,29357.32,29357.32,1609519140,0.68628395
29353.17,29369.73,29353.17,29368.36,1609519200,10.84083788
29359.8,29402.55,29343.75,29353.17,1609519260,9.15661830
29369.48,29377.08,29356.27,29359.8,1609519320,4.14966535
29361.07,29372.9,29361.07,29367.5,1609519380,3.99936284
29369.28,29377.6,29361.07,29361.07,1609519440,5.17677833
29402.55,29402.55,29373.69,29373.69,1609519500,4.83412892
29418.09,29422.31,29402.55,29402.55,1609519560,8.90031087
29423.22,29423.79,29400.29,29410.48,1609519620,1.90732407
29399.39,29411.31,29399.11,29411.31,1609519680,5.74311434
29393.57,29393.84,29382.47,29388.76,1609519740,0.77898568
29393.25,29394.9,29375.45,29393.57,1609519800,5.28144073
29416.89,29416.89,29379.62,29389.54,1609519860,2.65658793
29432.98,29432.98,29404.96,29416.89,1609519920,7.72267957
29422.96,29435.72,29416.53,29432.98,1609519980,2.92617520
29400.34,29436.33,29396.6,29436.33,1609520040,4.27745132
29382.74,29400.34,29375.06,29400.34,1609520100,8.81769382
29393.76,29397.14,29382.25,29382.25,1609520160,2.02856348
29397.2,29398.48,29387.51,29393.76,1609520220,2.92168790
29357.98,29387.75,29357.98,29387.73,1609520280,7.55585153
29376.86,29378.8,29350.83,29368.84,1609520340,4.50024851
29340.6,29370.62,29340.6,29370.62,1609520400,7.39953403
29361.35,29376.79,29349.85,29349.85,1609520460,3.92046851
29368.91,29375.91,29354.9,29361.35,1609520520,6.88689972
29382.69,29382.69,29356.72,29365.07,1609520580,3.75257004
29385.76,29391.47,29378.38,29382.69,1609520640,6.40593797
29390.54,29402.89,29374.1,29385.76,1609520700,1.65529253
29392.41,29392.41,29379.81,29390.54,1609520760,4.56366678
29390.51,29394.98,29385.22,29385.36,1609520820,2.48877611
29382.06,29393.55,29364.57,29393.55,1609520880,10.69397906
29364.52,29382.06,29352.53,29382.06,1609520940,4.60366728
29373.93,29384.43,29364.52,29364.52,1609521000,2.21746236
29398.39,29401.34,29368.29,29368.29,1609521060,1.20075607
29391.15,29395.33,29377.85,29390.51,1609521120,10.72457625
29388.63,29401.15,29377.85,29400.33,1609521180,5.09557518
29375.97,29392.43,29375.96,29388.63,1609521240,1.12030191
29416.26,29417.73,29385.25,29386.32,1609521300,1.79834148
29407.47,29416.92,29396.92,29416.91,1609521360,5.40057185
29416.76,29419.98,29391.51,29406.66,1609521420,0.50987563
29414.07,29416.74,29400.75,29413.7,1609521480,1.68504882
29395.15,29414.81,29381,29411.1,1609521540,6.13406244
29407.46,29413.12,29375.26,29375.26,1609521600,4.23005553
29379.69,29407.46,29370.12,29407.46,1609521660,3.30100415
29330.2,29370.36,29330.15,29370.36,1609521720,6.75723578
29357.95,29362.61,29336.66,29343.14,1609521780,4.29271793
29343.08,29343.08,29326.66,29340.61,1609521840,4.43838259
29333.39,29350.67,29325.11,29347.9,1609521900,5.39398273
29338.19,29342.43,29310.79,29342.43,1609521960,7.24063022
29338.53,29355.41,29326.44,29338.19,1609522020,4.91836304
29347.3,29347.3,29336.75,29344.06,1609522080,0.99854376
29365.27,29366.73,29328.61,29336.83,1609522140,4.26975977
29352.67,29357.36,29333.9,29352.77,1609522200,4.80096058
29318.12,29335.85,29305.15,29334.67,1609522260,2.99736493
29306.09,29318.12,29301.11,29310.8,1609522320,5.87547974
29281.6,29306.09,29269.73,29306.09,1609522380,9.63937677
29290.61,29313.1,29273.42,29289.97,1609522440,2.91595868
29303.22,29303.22,29264.62,29288.99,1609522500,5.43561133
29306.6,29306.6,29287.86,29303.22,1609522560,10.78445232
29304.91,29311.57,29299.99,29307.05,1609522620,6.18873051
29259.2,29302.9,29252.43,29300,1609522680,13.89274671
29224.37,29259.2,29224.37,29259.2,1609522740,8.06792402
29212.27,29230.18,29200,29224.89,1609522800,5.53778119
29256.64,29264.78,29208.68,29212.27,1609522860,7.49586591
29257.65,29262.25,29210,29245.2,1609522920,5.09425468
29236.11,29261.42,29236.11,29257.65,1609522980,6.01335631
29243.2,29256.64,29235.02,29256.64,1609523040,2.59489809
29080,29242.15,29080,29242.15,1609523100,49.15175058
29081.55,29111.32,29000,29081.22,1609523160,56.45825498
29115.17,29138.12,29078.58,29083.02,1609523220,2.97625721
29148.08,29148.08,29104.3,29113.84,1609523280,3.32561778
29164.5,29164.5,29133.37,29148.08,1609523340,3.96014615
29185.5,29188.97,29143.69,29146.76,1609523400,8.85913936
29182.47,29187.53,29155.76,29185.5,1609523460,6.96899516
29185.57,29185.57,29160.49,29169.37,1609523520,4.55184961
29184.97,29190.22,29172.98,29185.57,1609523580,4.84800757
29198.94,29223.29,29181.27,29191.74,1609523640,12.95594664
29191.44,29199.83,29173.36,29198.94,1609523700,2.30547596
29185.67,29194.32,29174.38,29174.38,1609523760,3.77679474
29174,29185.81,29138.41,29185.81,1609523820,8.08614472
29169.9,29184.13,29140.27,29184.13,1609523880,3.27608579
29162.36,29165.63,29131.42,29151.29,1609523940,5.91854509
29054.58,29162.36,29054.58,29162.36,1609524000,7.57896954
29138.12,29138.12,29054.57,29054.57,1609524060,38.37395626
29212.29,29212.29,29142.59,29142.59,1609524120,0.87076910
29319.42,29319.42,29211.96,29211.96,1609524180,26.77661963
29303.37,29311.97,29262.9,29305.97,1609524240,7.23789723
29291.4,29327.54,29288.02,29327.54,1609524300,4.55261116
29283.81,29295.26,29266.72,29282.35,1609524360,5.87802314
29303.61,29303.79,29282.58,29283.81,1609524420,6.02189489
29300.06,29317.56,29278.24,29303.61,1609524480,7.26173062
29290.08,29301.83,29273.44,29293.69,1609524540,2.73756166
29294.18,29296.12,29282.8,29282.8,1609524600,2.16270825
29300.96,29316.45,29291.92,29291.92,1609524660,8.31443880
29294.87,29311.42,29275.57,29305.23,1609524720,17.65805813
29310.84,29310.84,29275.48,29292.49,1609524780,7.07760443
29287.94,29296.24,29278.07,29296.24,1609524840,4.44368955
29296.93,29320.1,29276.98,29296.81,1609524900,3.73880348
29283.67,29296.93,29276.98,29296.93,1609524960,5.08234832
29295.47,29297.83,29272.7,29278.19,1609525020,1.60446707
29277.93,29282.86,29274.35,29282.12,1609525080,5.28245465
29280.44,29292.79,29265.99,29292.79,1609525140,5.03718766
29246.29,29275.79,29242.17,29274.19,1609525200,7.21292961
29218.4,29248.09,29218.4,29242.18,1609525260,3.69704352
29195.91,29240.47,29195.91,29216.52,1609525320,2.95355638
29191.34,29208.86,29182.4,29191.74,1609525380,8.46918432
29164.62,29195.23,29136.86,29195.23,1609525440,4.08749279
29169.13,29185.76,29132.7,29164.62,1609525500,2.38559063
29104.43,29162.05,29089.53,29162.04,1609525560,12.41907160
29111.05,29111.05,29088.46,29106.77,1609525620,4.41915076
29135.65,29138.55,29096.93,29111.05,1609525680,8.64653353
29092.51,29135.26,29086.9,29133.5,1609525740,11.01659022
29052.04,29099.65,29031.9,29099.65,1609525800,18.56607985
29119.35,29119.35,29061.41,29063.29,1609525860,2.20480133
29117.77,29133.56,29104.41,29133.56,1609525920,3.53870140
29137.74,29154.34,29099.4,29099.4,1609525980,4.82810951
29132.08,29170.92,29127.2,29137.75,1609526040,2.83414314
29116.28,29153.22,29116.28,29146.99,1609526100,6.40600308
29092.74,29131,29092.74,29118.5,1609526160,3.10188503
29123.25,29129.51,29100.37,29114.98,1609526220,2.25678260
29105.51,29123.25,29098.59,29123.24,1609526280,6.72485040
29030.54,29105.51,29030.54,29105.51,1609526340,7.76529688
29057.52,29086.9,29024.48,29024.48,1609526400,5.25047787
29032.95,29067.05,29000,29060.8,1609526460,20.81044620
28951.75,29024.78,28919.17,29024.78,1609526520,24.50284906
28965.18,28980.6,28951.85,28951.85,1609526580,4.95411953
28952,28978.53,28952,28965.18,1609526640,8.82557019
28826.4,28960.52,28720,28952,1609526700,97.69131730
28789.41,28866.3,28778.34,28802.99,1609526760,16.30374366
28855.63,28875.25,28769.28,28793.3,1609526820,9.93946808
28946.25,28947.7,28846.91,28855.63,1609526880,13.09560945
28982.44,28982.44,28930.46,28947.7,1609526940,8.92374524
29018.95,29050.39,28951.93,28982.44,1609527000,20.00635703
29043.3,29052.03,28999.43,29050.39,1609527060,15.63807281
29086.9,29086.9,29030,29043.3,1609527120,21.72527292
29114.7,29156.75,29083.93,29083.93,1609527180,22.82465598
29077.07,29133.13,29077.07,29119.7,1609527240,3.84325798
29078.07,29110.27,29052.89,29100.58,1609527300,8.35938753
29137.06,29156.75,29097.9,29105.36,1609527360,7.17045704
29152.17,29155.21,29122,29145.61,1609527420,8.87971012
29153.74,29153.74,29126.18,29133.71,1609527480,3.89198480
29130.21,29148.86,29130.17,29140.5,1609527540,3.73113379
29092.4,29147.95,29057.41,29131.88,1609527600,9.88849971
29065.19,29105.36,29056.36,29092.6,1609527660,7.87068168
29102.84,29112.73,29072.06,29072.06,1609527720,11.95313110
29048.75,29085.71,29027,29085.71,1609527780,12.23243726
29022,29064.59,29022,29062.44,1609527840,3.73339036
29077.23,29077.23,29034.61,29038.81,1609527900,11.24629669
29068.66,29100,29068.66,29082.91,1609527960,4.18218899
29089.8,29117.89,29086.9,29086.9,1609528020,7.28600141
29068.25,29099.95,29068.25,29095.32,1609528080,4.15654059
29088.17,29113.22,29073.73,29086,1609528140,4.37444042
29118.08,29127.01,29076.08,29101.6,1609528200,9.28648968
29108.14,29120.36,29090.5,29118.08,1609528260,4.84842703
29032.19,29103.49,29032.19,29103.49,1609528320,8.08215953
29093.58,29093.58,29027.57,29034.34,1609528380,7.81482493
29094.36,29116.87,29086.33,29101.93,1609528440,3.92553486
29106.19,29106.19,29052.53,29094.19,1609528500,8.05287681
29068.4,29092.96,29068.4,29081.69,1609528560,3.24687917
29123,29123,29081.49,29081.49,1609528620,11.05163280
29150,29150,29126.79,29136.86,1609528680,9.36219879
29154.88,29191.74,29140.95,29150,1609528740,20.02872496
29134.85,29180.82,29131.16,29180.82,1609528800,28.32455039
29185.8,29191.73,29153.44,29153.44,1609528860,2.88111269
29159.72,29188.27,29159.72,29188.27,1609528920,6.42011935
29176.8,29182.8,29150,29173.3,1609528980,5.51515305
29135.87,29184.93,29135.87,29182.8,1609529040,19.26526064
29144.86,29164.66,29121.34,29156.75,1609529100,5.31619395
29157.84,29177.43,29132.25,29144.23,1609529160,9.59792924
29148.8,29164.37,29135.65,29164.08,1609529220,3.90998733
29143.17,29144.78,29117.77,29144.78,1609529280,4.85927718
29129.01,29155.52,29129.01,29142.86,1609529340,4.68445240
29109.08,29133.37,29109.08,29129.02,1609529400,3.89593480
29146.02,29146.02,29104.24,29111.71,1609529460,4.83930839
29129.41,29149.42,29110.42,29132.4,1609529520,7.20560311
29162.08,29162.08,29120.01,29120.01,1609529580,3.51379289
29152.28,29180.81,29152.28,29161.65,1609529640,11.32423620
29150.33,29170.19,29129.54,29167.93,1609529700,23.76084112
29117.28,29145.75,29115.8,29144.8,1609529760,4.41487202
29135.86,29145.31,29117.28,29117.28,1609529820,2.41897666
29150.68,29161.24,29127.06,29127.06,1609529880,8.95903551
29160.49,29160.49,29117.21,29150.68,1609529940,2.99973851
29170.52,29191.74,29155.9,29166.1,1609530000,2.56185734
29169.24,29191.74,29163.22,29189.34,1609530060,6.41815027
29157.6,29180.14,29151.76,29167.76,1609530120,6.11171053
29184.5,29184.5,29157.61,29162.01,1609530180,1.58915249
29174.61,29191.74,29161.92,29189.34,1609530240,4.86970817
29167.48,29191.74,29158.93,29188.72,1609530300,2.54832738
29172.28,29213.05,29163.54,29186.18,1609530360,14.83168575
29160.76,29192.03,29154.94,29171.91,1609530420,2.50226499
29184.11,29188.28,29160.77,29186.33,1609530480,2.84212990
29168.11,29188.28,29155.83,29184.11,1609530540,12.24393349
29145.03,29180.05,29131.87,29180.05,1609530600,9.72414590
29174.97,29174.97,29142.99,29145.02,1609530660,3.99600853
29154.2,29180.66,29141.02,29174.97,1609530720,14.82472243
29153.24,29168.97,29144.06,29154.2,1609530780,6.71811290
29152.52,29166.03,29148.63,29161.61,1609530840,6.78797537
29145.68,29156.91,29128.88,29152.52,1609530900,2.63784806
29143.3,29166.04,29126.54,29165.21,1609530960,8.78516746
29133.36,29157.47,29129.73,29146.98,1609531020,5.03493949
29132.15,29133.36,29091.98,29133.36,1609531080,7.71216010
29131.54,29131.92,29100.23,29131.92,1609531140,3.48978131
28976.74,29108.67,28947.7,29108.67,1609531200,24.81299423
29067.01,29067.01,28971.94,28982.92,1609531260,2.30362761
29099.79,29100,29037.57,29037.57,1609531320,5.87207263
29121.79,29121.79,29081.03,29081.03,1609531380,4.97019848
29184.76,29191.74,29098.82,29121.79,1609531440,16.13819530
29219.96,29226.77,29165.28,29165.56,1609531500,6.71957151
29200.03,29226.77,29200,29206.79,1609531560,15.05489656
29207.49,29225.31,29200,29200.4,1609531620,4.70948303
29195.47,29223.75,29158.51,29202.94,1609531680,22.31410237
29210.79,29226.28,29183.29,29218.07,1609531740,3.26688816
29198.86,29225.81,29185.65,29210.79,1609531800,6.94373556
29249.15,29261.84,29204.15,29214.42,1609531860,21.52689574
29226.27,29255.05,29207.98,29239.65,1609531920,10.36203686
29234.69,29250.49,29218.1,29245,1609531980,4.34709888
29261.84,29261.84,29223.12,29234.69,1609532040,2.68048330
29246.91,29261.84,29231.34,29260.38,1609532100,4.90816040
29260.38,29260.38,29241.31,29246.91,1609532160,2.72675566
29259.27,29261.84,29230.76,29245.5,1609532220,6.70103449
29293.88,29327.53,29248.19,29259.27,1609532280,18.76047770
29287.17,29309.88,29269.55,29282.6,1609532340,7.87689152
29276.8,29290.91,29261.9,29284.03,1609532400,8.86575756
29283.05,29292.96,29266.13,29276.8,1609532460,7.05432438
29288.62,29291.75,29267.89,29277.96,1609532520,3.34369965
29301.46,29301.46,29267.56,29288.62,1609532580,7.27102563
29313.45,29323.46,29281.88,29281.88,1609532640,1.41180420
29306.36,29332.11,29300.99,29311.98,1609532700,8.40872946
29300.82,29323.13,29282.2,29315.87,1609532760,6.08675530
29285.71,29308.67,29282.89,29300.82,1609532820,9.71978025
29293.53,29305.47,29275.99,29285.71,1609532880,5.09137338
29300.99,29318.2,29291.48,29293.53,1609532940,10.91735259
29300.19,29316.51,29288.57,29288.57,1609533000,9.81371081
29294.1,29312.48,29290.68,29300.19,1609533060,7.28559776
29284.98,29303.25,29283.59,29303.25,1609533120,10.31333395
29283.91,29308.49,29226.1,29284.98,1609533180,26.17251777
29276.88,29291.16,29262.41,29279.26,1609533240,7.35228645
29273.37,29282.56,29266.84,29278.5,1609533300,6.59946193
29253.92,29277.84,29240.01,29276.65,1609533360,12.73548748
29252.12,29285.79,29250.94,29271.76,1609533420,4.56492736
29259.61,29267.19,29250.96,29250.97,1609533480,8.23902839
29288.08,29289.87,29255.69,29255.69,1609533540,7.05717249
29272.49,29291.97,29263.48,29291.89,1609533600,6.56779009
29261.62,29279.42,29254.08,29272.45,1609533660,10.36181883
29281.84,29282.12,29254.7,29269.42,1609533720,2.94381415
29306.79,29306.79,29280.59,29280.59,1609533780,7.12890844
29269.88,29308.75,29260.28,29302.6,1609533840,13.82891079
29267.99,29279.87,29251.63,29269.88,1609533900,4.04711283
29299,29299,29268.04,29268.04,1609533960,1.20083354
29301.93,29311.17,29286.64,29286.66,1609534020,3.20240812
29301.44,29317.58,29296.78,29309.54,1609534080,3.24367228
29304.52,29319.5,29300.23,29300.23,1609534140,2.25969308
29313.06,29328.73,29304.63,29319.48,1609534200,2.27324910
29330.73,29349,29317.46,29328.73,1609534260,14.29309232
29348,29348,29330.98,29331.03,1609534320,1.33454588
29350.86,29367.31,29326.65,29337.11,1609534380,14.39225872
29338.98,29351.74,29318.29,29346.78,1609534440,4.18090113
29337.44,29348.88,29320.55,29338.98,1609534500,5.99884316
29316.11,29330.93,29287.03,29329.23,1609534560,13.28311752
29327.07,29347.34,29308.68,29314.34,1609534620,8.23477933
29310.98,29327.73,29303.87,29316.71,1609534680,3.46014373
29294.9,29326.05,29294.9,29317.37,1609534740,7.83761555
29305.81,29314.36,29283.54,29294.9,1609534800,10.31934285
29289.5,29308.23,29278.12,29290.4,1609534860,2.98314018
29295.26,29298.47,29281.45,29295.26,1609534920,1.08317436
29281.68,29312.58,29281.68,29295.26,1609534980,9.44938701
29298.42,29315.52,29279.2,29295.06,1609535040,9.93072349
29304.94,29305.96,29279.21,29279.21,1609535100,2.87739670
29319.31,29323.47,29284.85,29304.94,1609535160,3.07410766
29302.34,29316.17,29286.49,29304.59,1609535220,2.75566135
29320.37,29328.17,29313,29313.88,1609535280,6.84979761
29321.78,29321.78,29303.92,29320.37,1609535340,1.83028052
29315.66,29321.78,29292.83,29321.78,1609535400,4.39332304
29302.12,29316.44,29300.92,29300.92,1609535460,3.11637942
29289.33,29311.11,29289.33,29311.11,1609535520,8.50429001
29262.74,29293.34,29262.74,29289.33,1609535580,5.31337262
29281.41,29295.36,29264.47,29276.91,1609535640,3.74802550
29269.15,29296.42,29269.15,29282.57,1609535700,2.35777442
29287.06,29287.06,29252.25,29269.15,1609535760,5.91711429
29279.25,29290.53,29276.11,29289.44,1609535820,3.18150921
29294.31,29294.31,29252.31,29279.68,1609535880,5.92834618
29300.31,29300.31,29280.97,29294.31,1609535940,1.35045356
29305.93,29305.93,29289.74,29289.74,1609536000,2.46986927
29282.1,29305.94,29282.1,29305.93,1609536060,3.17515693
29295.81,29304.94,29280.64,29280.64,1609536120,2.24618456
29314.11,29332.11,29290.91,29295.81,1609536180,12.75996715
29326.55,29337.58,29304.57,29304.57,1609536240,5.99709927
29319.04,29326.55,29312.02,29326.55,1609536300,4.61242030
29303.67,29320.64,29303.67,29312.03,1609536360,12.34650178
29316.82,29323.04,29303.67,29303.67,1609536420,3.02124674
29310.15,29318.5,29305.4,29305.4,1609536480,1.32540161
29321.96,29328.42,29310.15,29310.15,1609536540,3.02373027
29331.72,29332.41,29313.98,29317.47,1609536600,2.50773883
29344.07,29349,29321.82,29331.72,1609536660,3.40022658
29353.31,29353.31,29333.32,29338.93,1609536720,1.60054718
29331.4,29352.33,29324.89,29343.05,1609536780,1.51962957
29348.31,29349,29327.64,29335.41,1609536840,1.39580368
29341.7,29349,29336.15,29348.4,1609536900,1.89535221
29351.53,29355.21,29333.36,29333.36,1609536960,0.71570454
29368.92,29384.03,29344.52,29344.52,1609537020,5.89558306
29381.34,29385.21,29359.81,29369.06,1609537080,1.80763968
29331.18,29367.94,29331.18,29361.29,1609537140,2.55886480
29317.5,29354.59,29317.5,29354.59,1609537200,3.26612462
29345.66,29345.66,29316.23,29316.23,1609537260,1.75359918
29339.94,29362.76,29324.23,29324.23,1609537320,1.93373259
29306.19,29336.63,29304.03,29336.63,1609537380,2.37074070
29319.61,29327.46,29295.16,29295.16,1609537440,1.61415358
29262.68,29313.36,29262.68,29304.49,1609537500,5.10297465
29275.84,29283.5,29255.86,29255.86,1609537560,3.17554950
29249.47,29271.34,29238.89,29260.31,1609537620,5.57879313
29258.01,29266.84,29228.97,29249.47,1609537680,0.65546473
29251.85,29270,29242.39,29260,1609537740,2.34818216
29285.61,29285.61,29251.09,29257.09,1609537800,4.96222865
29286.07,29295.4,29275.02,29276.73,1609537860,8.21747489
29268.11,29287.5,29253.12,29283.72,1609537920,8.85231489
29282.95,29282.95,29268.11,29268.11,1609537980,2.74535959
29282.6,29291.13,29262.95,29288.16,1609538040,5.52848989
29269.56,29283.14,29260,29270.63,1609538100,8.38579000
29288.23,29288.49,29260.25,29260.25,1609538160,7.03405114
29290.8,29299.6,29273.32,29288.23,1609538220,4.49060730
29269.56,29282.93,29263.67,29279.4,1609538280,5.92818625
29247.92,29264.83,29246.06,29260.08,1609538340,13.69149720
29218.29,29255.88,29197.08,29255.87,1609538400,6.90129443
29221.88,29231.62,29202.34,29202.34,1609538460,0.15909372
29241.13,29241.13,29213.55,29221.88,1609538520,1.63616537
29254.12,29254.12,29241.13,29241.13,1609538580,1.71021997
29276.9,29280.21,29241.73,29241.73,1609538640,3.29431590
29265.14,29277.26,29258.42,29276.9,1609538700,1.28623608
29272.01,29272.01,29249.63,29265.14,1609538760,2.89142895
29275.64,29284.5,29266.06,29281.55,1609538820,1.33996683
29266.06,29277.45,29255.35,29266.06,1609538880,3.81712271
29266.06,29277.61,29266.06,29266.06,1609538940,0.76408182
29292.65,29292.65,29266.06,29266.06,1609539000,1.45355801
29288.02,29303.96,29276.64,29292.65,1609539060,0.68121409
29300.98,29306.15,29288.49,29303.96,1609539120,0.93619540
29291.07,29304.35,29290.96,29300.78,1609539180,2.45132969
29320.7,29322.27,29300.61,29300.61,1609539240,1.77119143
29331.63,29331.63,29307.76,29320.7,1609539300,0.79695989
29333.11,29333.11,29314.74,29314.74,1609539360,0.59082699
29346.41,29347.29,29335.44,29335.44,1609539420,2.29314940
29336.89,29349,29335.46,29347.29,1609539480,3.46914871
29341.16,29356.12,29341.05,29349,1609539540,2.91841766
29322.8,29346.06,29315.21,29346.06,1609539600,3.32312043
29349,29349,29315.21,29322.8,1609539660,1.71582118
29363.37,29363.37,29339.48,29349,1609539720,0.78518196
29356.35,29372.87,29347.51,29347.51,1609539780,1.15507844
29360.88,29369.78,29356.35,29364.5,1609539840,4.60807407
29369.7,29378.91,29356.57,29356.57,1609539900,1.64473886
29367.76,29388.76,29367.76,29388.76,1609539960,6.11609153
29354.97,29372.82,29354.97,29357.37,1609540020,0.67426939
29372.54,29372.54,29364.29,29364.29,1609540080,0.45862369
29343.16,29386.3,29343.16,29372.54,1609540140,5.35283352
29361.42,29361.42,29335.28,29343.27,1609540200,0.94595540
29368.49,29385.29,29354.3,29361.42,1609540260,0.36502352
29385.07,29391.66,29371.69,29383.22,1609540320,0.82802551
29376.62,29390.15,29376.57,29376.58,1609540380,1.82458698
29376.73,29394.29,29376.62,29376.62,1609540440,2.27666003
29392.43,29394.28,29376.74,29392.43,1609540500,0.70535445
29387.49,29394.29,29376.75,29392.43,1609540560,0.83036271
29337.48,29383.8,29337.48,29383.8,1609540620,6.61725431
29334.93,29358.06,29319.12,29337.47,1609540680,4.52419625
29377.3,29377.3,29322.18,29334.86,1609540740,1.30056555
29402.55,29402.55,29361.12,29377.3,1609540800,2.16141812
29388.44,29402.55,29368.27,29402.55,1609540860,12.45812823
29395.51,29395.51,29370.52,29394.84,1609540920,0.41911268
29398.92,29402.55,29379.34,29379.34,1609540980,0.70993042
29391.72,29406,29386.27,29398.92,1609541040,16.09541667
29376.5,29395.74,29376.48,29391.72,1609541100,2.91460838
29371.4,29384.12,29369.91,29384.12,1609541160,1.71113635
29361.37,29377.21,29361.37,29371.84,1609541220,7.20787922
29350.94,29361.37,29340.21,29361.37,1609541280,3.57302131
29345.76,29365.03,29330.63,29340.67,1609541340,2.47156715
29349.27,29365.02,29348.23,29363.48,1609541400,2.98614356
29354.32,29362.72,29343.67,29351.9,1609541460,1.15991004
29372.23,29372.74,29354.33,29360.39,1609541520,1.47038631
29359.86,29377.55,29358.27,29372.23,1609541580,1.08906499
29394.66,29394.66,29374.2,29376.07,1609541640,1.72703828
29350.01,29385.75,29338.56,29376.83,1609541700,5.70506611
29343.22,29358.13,29324.01,29356.97,1609541760,4.86563319
29340.65,29357.73,29335.5,29335.5,1609541820,0.63197595
29349.38,29358.1,29340.65,29357.43,1609541880,0.78137743
29355.57,29363.64,29340.67,29349.38,1609541940,5.79378844
29339.61,29356.87,29326.11,29352.5,1609542000,7.27210505
29345.81,29354.37,29332.22,29339.61,1609542060,1.50688650
29379.56,29379.56,29336.62,29336.62,1609542120,1.06895600
29371.18,29379.56,29361.83,29379.56,1609542180,3.72261679
29380.19,29380.19,29361.85,29361.85,1609542240,2.19609324
29364.55,29380.19,29364.55,29380.19,1609542300,3.04308790
29376.61,29378.83,29354.83,29354.83,1609542360,1.44660163
29384.09,29384.09,29364.71,29376.61,1609542420,4.54946887
29359.97,29387.3,29348.72,29370.28,1609542480,2.42357380
29369.55,29370.73,29348.64,29359.97,1609542540,2.86326124
29375.18,29375.18,29352.81,29361.18,1609542600,3.78608547
29370.5,29370.5,29356.22,29365.79,1609542660,4.46650499
29368.96,29370.35,29357.72,29359.94,1609542720,0.76150754
29358.55,29362.36,29344.65,29362.36,1609542780,1.30919093
29338.6,29355.39,29321.4,29349.45,1609542840,3.72319025
29324.05,29347.75,29321.41,29343.92,1609542900,3.87683556
29318.89,29325.59,29311.32,29324.05,1609542960,2.42113478
29347.92,29356,29318.72,29318.72,1609543020,1.64599402
29367.28,29376.63,29338.66,29338.66,1609543080,5.52902269
29385.33,29385.33,29357.73,29357.73,1609543140,0.42622426
29388.09,29398.36,29364.73,29364.73,1609543200,0.44748119
29374.78,29404.89,29374.78,29387.18,1609543260,5.41044614
29368.4,29392.07,29339.19,29375.35,1609543320,4.78506328
29357.58,29387.62,29357.58,29368.4,1609543380,4.66496835
29371.45,29372.92,29351.33,29367.23,1609543440,2.62217212
29369.79,29371.45,29360.25,29371.45,1609543500,0.23777418
29373.64,29374.37,29360.59,29369.79,1609543560,2.54351560
29366.21,29383.89,29353.81,29361.24,1609543620,7.99211042
29372.59,29380.58,29353.82,29353.82,1609543680,4.94997695
29380.58,29380.58,29356.32,29356.33,1609543740,2.85462895
29378.82,29380.58,29357.65,29371.65,1609543800,0.76708291
29384.51,29398.42,29367.83,29368.38,1609543860,3.49169720
29405.35,29414.81,29384.51,29384.51,1609543920,3.59514075
29409.32,29416.64,29405.34,29405.34,1609543980,2.31719019
29411.49,29423,29399.66,29409.32,1609544040,1.97685005
29403.08,29423.97,29401.28,29421.07,1609544100,5.52088307
29424.22,29426.65,29407.84,29408.23,1609544160,1.20492473
29409.63,29434.27,29409.63,29424.22,1609544220,3.63868426
29416.2,29423.45,29398.09,29409.64,1609544280,1.89122826
29420.88,29420.88,29395.92,29402.96,1609544340,3.91051278
29405.81,29416.45,29403.24,29408.88,1609544400,6.49062614
29420.88,29420.88,29407.29,29408.77,1609544460,6.52561594
29394.84,29403.72,29370.44,29403.34,1609544520,4.87270682
29373.1,29396.33,29358.44,29376.52,1609544580,3.68502098
29360.92,29385.45,29353.14,29353.14,1609544640,2.83217809
29357.17,29375.08,29357.17,29369.2,1609544700,0.80041992
29361.58,29378.11,29361.38,29361.38,1609544760,1.72456327
29347.53,29361.58,29341.17,29361.58,1609544820,4.78410550
29356.86,29360.69,29347.97,29347.97,1609544880,2.01642876
29365.8,29379.58,29349.42,29349.42,1609544940,2.62208007
29380.64,29385.14,29351.28,29362.18,1609545000,9.35711696
29386.84,29387.49,29364.72,29387.49,1609545060,1.74171791
29378.74,29383.42,29372.26,29383.42,1609545120,5.73361456
29377.49,29378.08,29369.02,29372.78,1609545180,2.39875647
29376.04,29388.28,29376.04,29377.49,1609545240,4.32994798
29390.92,29398.72,29383.38,29383.38,1609545300,4.79467115
29402.92,29402.92,29384.51,29384.51,1609545360,1.05232209
29399.58,29408.73,29394.34,29402.92,1609545420,1.60188866
29408.73,29408.73,29394.12,29403,1609545480,5.77991822
29402.64,29417.64,29396.92,29397.02,1609545540,0.97121388
